{
  "parking meter": 1.097177749646288,
  "tie": 1.8748166185966209,
  "orange": 1.5698612455630847,
  "bus": 2.7501154705186366,
  "apple": 1.2860362147493374,
  "chair": 3.4639468953118517,
  "sheep": 1.3062933108412487,
  "bowl": 3.199754121592026,
  "bicycle": 2.928037368466618,
  "skateboard": 3.7575388522832545,
  "kite": 2.2413774028488453,
  "spoon": 4.433191177624866,
  "remote": 3.4743962072132453,
  "donut": 0.8781515943997341,
  "bottle": 3.128600858323815,
  "person": 1.9339727996916758,
  "backpack": 4.257704700119922,
  "cat": 2.394698005049067,
  "umbrella": 1.7378286655317068,
  "dining table": 3.9961862002203152,
  "train": 2.8632015412567537,
  "laptop": 4.191889035862344,
  "dog": 2.481425294063043,
  "sink": 4.780560194887397,
  "frisbee": 3.1969489601762526,
  "refrigerator": 4.839337574332735,
  "skis": 2.8094399953064038,
  "scissors": 2.213272357045098,
  "toothbrush": 3.209244917715392,
  "snowboard": 3.840122123762008,
  "traffic light": 4.214159992959606,
  "bench": 3.362372052594705,
  "truck": 4.135161518624875,
  "toilet": 4.316528251897895,
  "suitcase": 2.8526621490803485,
  "tv": 2.987266240551855,
  "book": 3.834608667733634,
  "bird": 1.6147144240077445,
  "pizza": 2.109362856714342,
  "boat": 2.2502796078910516,
  "giraffe": 1.7261331475326949,
  "cow": 2.0929858159013426,
  "keyboard": 5.05849974110178,
  "cup": 4.101867142468475,
  "airplane": 3.903642940846793,
  "toaster": 2.396703854760129,
  "elephant": 2.083925271243761,
  "cake": 3.2601853132346843,
  "motorcycle": 2.2160511045115703,
  "knife": 3.922410454985479,
  "wine glass": 3.5658276863504352,
  "tennis racket": 4.538326146264191,
  "oven": 4.036786060019361,
  "horse": 1.9068597253210884,
  "clock": 3.7915129829548935,
  "bed": 3.922410454985479,
  "zebra": 3.3016923021763294,
  "bear": 2.6332265991510906,
  "carrot": 1.0746330013658847,
  "potted plant": 7.131655372700872,
  "cell phone": 6.112847462315033,
  "sandwich": 3.3960263679527958,
  "couch": 3.7411962610889815,
  "hot dog": 5.348741529525654,
  "banana": 1.2203902242054967,
  "car": 3.5089261807171837,
  "fire hydrant": 4.457284607938044,
  "surfboard": 2.3534462729912873,
  "stop sign": 7.131655372700871,
  "broccoli": 1.09990704753098,
  "fork": 3.0064821669229165,
  "handbag": 4.295839653634777,
  "microwave": 5.348741529525654,
  "teddy bear": 2.7338012262020004,
  "mouse": 5.348741529525653,
  "vase": 3.5386076276760043
}