{
  "coffee cup": -0.4771212547196624,
  "drink": 5.382794538396405,
  "monkey": 0.0,
  "beer": 2.0682919036174985,
  "tripod": 33.53011469700198,
  "plant": 35.7928252380731,
  "treadmill": 34.093923705806354,
  "clothing": 313.656760726264,
  "handbag": -0.3168242628472131,
  "maple": 0,
  "computer monitor": 144.45592086715558,
  "fish": 0.0,
  "train": 118.0738533425102,
  "bowling equipment": 24.421710028230358,
  "lamp": -0.1283992687178066,
  "door": 179.86493022639684,
  "balloon": -1.3979400086720377,
  "television": 6.093449480898551,
  "car": 18.119135373518525,
  "coffee table": 35.49528623102005,
  "skyscraper": -0.7939455175668756,
  "roller skates": 0.0,
  "bronze sculpture": 0.17609125905568135,
  "drum": 20.391275216337185,
  "umbrella": 0.05799194697768639,
  "plumbing fixture": -0.3521825181113626,
  "baked goods": 1.494850021680094,
  "panda": 0.0,
  "candy": 0.0,
  "jug": 0.5051499783199058,
  "luggage and bags": 0.0,
  "bathroom accessory": 15.59768588135756,
  "sewing machine": -0.5228787452803375,
  "invertebrate": 0.0,
  "juice": -0.4771212547196624,
  "human arm": -0.7781512503836435,
  "gas stove": 0.0,
  "pitcher": 0.0,
  "dog": 0.11193288659256329,
  "skull": 0.0,
  "sandal": 0.17609125905568135,
  "cake": -0.4771212547196624,
  "bird": -0.7781512503836435,
  "sports equipment": 0.0,
  "office building": 141.7651490749187,
  "sink": 82.7605768855759,
  "door handle": -0.34678748622465616,
  "camera": 2.4757829039473997,
  "organ": 1.5105450102066116,
  "ice cream": 0.0,
  "plate": 0.0,
  "fast food": 35.3308113681187,
  "glasses": -0.6547178687726609,
  "sports uniform": 0.0,
  "closet": 300.53905125297615,
  "carrot": 0.17609125905568135,
  "bowl": -1.0871501757189002,
  "building": 275.58111604917656,
  "microwave oven": 4.806541810674728,
  "human leg": -0.1249387366082998,
  "poster": -0.7043650362227247,
  "weapon": 0.0,
  "house": 168.1086843727378,
  "man": 210.47532858187844,
  "coin": 0.0,
  "shower": -0.3521825181113626,
  "horse": -0.1249387366082998,
  "punching bag": 0,
  "cabbage": 0.0,
  "book": 21.473334115684555,
  "wood-burning stove": -0.5228787452803375,
  "dress": 10.141731179520418,
  "jacket": -0.38694462437057475,
  "nightstand": 32.45562902746482,
  "cake stand": 0.0,
  "christmas tree": 0.3349821745875272,
  "clock": 0.0,
  "fork": 0.0,
  "hat": -1.4471580313422194,
  "jacuzzi": 1.494850021680094,
  "kitchen & dining room table": 128.12074574062248,
  "swimming pool": 131.22683931502735,
  "desk": 200.5542808064541,
  "girl": 6.331712772611185,
  "football": 0.17609125905568135,
  "tap": 22.38342964878247,
  "tin can": 2.142568224912017,
  "elephant": 0.17609125905568135,
  "skirt": -0.4771212547196624,
  "orange": 0.0,
  "animal": 1.770182320712368,
  "wine": -0.26760624017703116,
  "billboard": -0.5228787452803375,
  "shirt": 0.0,
  "trousers": -0.38694462437057475,
  "bookcase": 224.4901959191108,
  "lantern": -0.05115252244738144,
  "missile": 0.0,
  "billiard table": 107.79370933136785,
  "oven": 14.568671244775665,
  "musical keyboard": 42.52002934852397,
  "bread": 0.17609125905568135,
  "land vehicle": 167.191309990369,
  "flowerpot": 187.2055148217496,
  "stretcher": 0.0,
  "headphones": -0.4771212547196624,
  "office supplies": -0.5228787452803375,
  "rifle": 0.0,
  "pillow": 14.267513000649068,
  "tableware": 5.36814203823786,
  "shorts": -0.4771212547196624,
  "chair": 874.8910827208224,
  "vehicle": 96.75607955978421,
  "couch": 107.4980568955984,
  "wheelchair": -0.1249387366082998,
  "dinosaur": 3.8136087843045066,
  "airplane": 3.1088864510793965,
  "musical instrument": -0.23521271117433806,
  "dessert": 1.1056839373155616,
  "fashion accessory": -1.1760912590556813,
  "wardrobe": 200.4152084744932,
  "platter": 0.0,
  "window": 81.3651988449985,
  "picture frame": 35.469116478944926,
  "sunglasses": -0.1249387366082998,
  "home appliance": 29.97562229641759,
  "hamburger": 0.0,
  "toilet paper": -0.1249387366082998,
  "tart": 0,
  "bicycle wheel": 40.94956055220021,
  "wine glass": 5.866649175775037,
  "ceiling fan": 0.19382002601611292,
  "swim cap": 1.7092699609758306,
  "human head": 0.0,
  "sunflower": 0.10914446942506828,
  "boy": 7.479335518722946,
  "infant bed": 122.18658101814523,
  "dairy": 0.2852357284807494,
  "van": 0.0,
  "medical equipment": 93.51685232430093,
  "plastic bag": -0.4771212547196624,
  "bed": 151.70351443898412,
  "helmet": -0.34678748622465616,
  "tire": 7.509108220280311,
  "wok": 1.1726307269461747,
  "coffeemaker": -0.1249387366082998,
  "sushi": 0.17609125905568135,
  "street light": -0.3979400086720377,
  "ball": 30.55843597331244,
  "lily": 0.17609125905568135,
  "countertop": 194.65842118900412,
  "coat": -0.4771212547196624,
  "cat": -0.1249387366082998,
  "jeans": 5.846593321566557,
  "tent": -0.6690067809585755,
  "candle": 0.0,
  "wall clock": 0.0,
  "window blind": 0.3613111133098763,
  "kettle": 0.0,
  "houseplant": 227.28054449529236,
  "palm tree": 1.5105450102066116,
  "vase": -0.3143939572219627,
  "watercraft": -0.4771212547196624,
  "waffle": 0.17609125905568135,
  "woman": 77.77513731688379,
  "giraffe": -0.4771212547196624,
  "teddy bear": 1.695509472226512,
  "croissant": 0.0,
  "harpsichord": 0.05799194697768639,
  "cowboy hat": 0.0,
  "broccoli": 0,
  "bench": 12.672481474302455,
  "flag": -1.128542860877125,
  "drawer": 3.8091245047289632,
  "fountain": -0.4771212547196624,
  "refrigerator": 13.686309673726022,
  "human mouth": 0.0,
  "footwear": 629.2006089988982,
  "pasta": 0.17609125905568135,
  "sofa bed": 9.024656594394067,
  "furniture": 42.67580414581278,
  "salt and pepper shakers": 0.0,
  "pastry": 9.564078571839584,
  "filing cabinet": -1.1760912590556813,
  "auto part": -1.1760912590556813,
  "table": 518.6138055599796,
  "picnic basket": -0.4771212547196624,
  "mammal": 0,
  "bidet": 37.483795982219966,
  "cattle": 0,
  "person": 379.7692945843757,
  "laptop": 0.5358086293590003,
  "bathroom cabinet": 13.443732508167365,
  "flower": 313.1882456288669,
  "stairs": 209.70566089755238,
  "boat": -0.9030899869919434,
  "lion": 0.0,
  "vegetable": -0.6690067809585755,
  "bicycle helmet": -0.3521825181113626,
  "microphone": 1.8046539416515803,
  "curtain": 22.631239004153414,
  "tiger": 0.0,
  "guacamole": 0.0,
  "bicycle": 37.267097645844835,
  "tool": -0.5228787452803375,
  "human face": 139.4484979813732,
  "dumbbell": 0.5051499783199058,
  "golf cart": 0.17609125905568135,
  "scarf": 0.0,
  "box": 5.90835634585068,
  "tomato": -0.3521825181113626,
  "porch": 5.281757557403237,
  "mechanical fan": -0.9030899869919434,
  "piano": 24.635083174495886,
  "cart": -1.1760912590556813,
  "pizza": 5.316234877056898,
  "fireplace": 3.1560184354101666,
  "ladder": 3.3381944802625716,
  "fruit": -0.7939455175668756,
  "doll": -0.34678748622465616,
  "sheep": 0,
  "wheel": 153.5404671474642,
  "barrel": 142.31376684017962,
  "studio couch": 24.59575698576899,
  "salad": 16.036451015383722,
  "pumpkin": -0.7939455175668756,
  "bottle": 38.32391258364872,
  "aircraft": -0.7781512503836435,
  "mobile phone": -0.04575749056067502,
  "cabinetry": 456.0869554429177,
  "fedora": 0.0,
  "tree": 68.65314947814662,
  "power plugs and sockets": -0.7781512503836435,
  "computer keyboard": 17.543588978263397,
  "ipod": 0.0,
  "suitcase": -1.3064250275506875,
  "human hand": -0.4771212547196624,
  "boot": 32.967558850222524,
  "pineapple": 0.0,
  "goggles": -0.4771212547196624,
  "towel": 0.0,
  "banana": 0,
  "guitar": 11.71669877129645,
  "lemon": 0.0,
  "suit": 2.3412080783003613,
  "penguin": 0.0,
  "washing machine": 427.4838891837945,
  "truck": -0.4771212547196624,
  "wine rack": 29.66686748738576,
  "sculpture": 15.77320958060914,
  "scoreboard": 0.0,
  "toilet": 63.3887532095492,
  "chest of drawers": 12.420068589969572,
  "rose": 7.288596981933542,
  "snack": 55.472328022856956,
  "bus": 50.30959473513185,
  "loveseat": -0.9999999999999999,
  "stationary bicycle": 0.4771212547196625,
  "earrings": 0.0,